Alpha-3 code,Country,Other names,Image_path,Forecast,GDP,Area,Value
USA,United States,"United States,United States of America,America,the States,US,U.S.,USA,Usa,U.S.A.,U.S.A,Columbia,United States,Usonia",United States.png,26854599,23315081.0,9833517.0,229269.24536987703
CHN,People's Republic of China,"People's Republic of China,People's Republic of China,PRC,China,Communist China,Red China,and,the ROC a,Mainland,the the PRC the of the Chinese,New,Ch'in Empire,Cathay,Zhongguo the China Chinese",People's Republic of China.png,19373586,17734131.0,9596961.0,170193.763575891
RUS,Russia,"Russia,Russian Federation,Russia,and,Russland,RF,Russian Empire,Russian Socialist Federative Soviet Republic,Russian Soviet Federative Socialist Republic,RSFSR,Soviet Union,Union of Soviet Socialist Republics former,USSR,Soyuz Sovetskikh Sotsialisticheskikh Respublik,SSSR,SU,former,former,Sovetskiy Soyuz former,Rus or,Great Russia",Russia.png,2062649,1778782.0,17098246.0,30414.052216372
CAN,Canada,"Canada,Canada,and,Dominion of Canada,Dominion du Canada,Acadia",Canada.png,2089672,1988336.0,9984670.0,19852.87880912
BRA,Brazil,"Brazil,Federative Republic of Brazil,Pindorama and,Terra de Santa Cruz Portuguese,Ilha de Vera Cruz,Empire of Brazil,United States of Brazil,Repblica Federativa do Brasil",Brazil.png,2081235,1608981.0,8515767.0,13701.707303427002
AUS,Australia,"Australia,Commonwealth of Australia,New Holland",Australia.png,1707548,1734532.0,7692024.0,13342.061772768
IND,India,"India,Republic of India,Bhrat Bhratam,Bhrat Gaarjya,Bhrata,Bhratada,Bhratam or,India,Union of India,Hindustan,Bhratavara,Bhrat Prajatantra,Hodu,Aryavarta,Jumhryat-e Bhrat",India.png,3736882,3201471.0,3287263.0,10524.077163873
MEX,Mexico,"Mexico,United Mexican States,Estados Unidos Mexicanos,Mxico,Repblica Mexicana,Mjico,MEX,MX,Aztln,Aztln",Mexico.png,1663164,1272839.0,1964375.0,2500.333110625
IDN,Indonesia,"Indonesia,Republic of Indonesia,Republik Indonesia,Negara Kesatuan Republik Indonesia,Nusantara,Insulinde the,Indunesia Dutch East,Indonesi,Dutch East Indies or Netherlands East-Indies,Nederlands(ch)-Indi,Hindia Belanda",Indonesia.png,1391778,1186093.0,1904569.0,2258.9959589170003
FRA,France,"France,French Republic,Rpublique Franaise,L'Hexagone,Gaul,Gaule,and,Frankreich,Francia,Farana,Tsarfat",France.png,2923489,2957880.0,640679.0,1895.05160052
JPN,Japan,"Japan,Nippon,of,or,the of,or The of the",Japan.png,4409738,4940878.0,377976.0,1867.533302928
SAU,Saudi Arabia,"Saudi Arabia,Kingdom of Saudi Arabia,KSA,Saudia,Al-Mamlaka al-Arabiyya as-Saudiyya,Nejd,Najd,Hijaz,Saudi regime,Arav haSa'udit",Saudi Arabia.png,1061902,833541.0,2149690.0,1791.85475229
DEU,Germany,"Germany,Federal Republic of Germany,Bundesrepublik Deutschland,Deutschland,BRD,FRG the,the names West Germany,German the,German Empire,Weimar Republic,Duitsland,Allemagne,Alemania,Germania,Nmecko,Niemcy,Nmetorszg,Germany a of the Alemannia and a of Nemacia,names Bavaria or the former Prussia Germany,Saksa,the East Germany,Deutsche Demokratische Republik,German Democratic Republic,DDR,GDR",Germany.png,4308854,4259935.0,357600.0,1523.352756
ARG,Argentina,"Argentina,Argentine Republic,la Argentina,the Argentine,Argentine Nation and,United Provinces of the Ro de la Plata,Argentine Confederation",Argentina.png,641102,487227.0,2780400.0,1354.6859508
IRN,Iran,"Iran,Islamic Republic of Iran,Persia Iran,the of the the west,the of Iran the,of,IRI,I.R.I.,I.R.I",Iran.png,367970,594892.0,1648195.0,980.49801994
GBR,United Kingdom,"United Kingdom,United Kingdom of Great Britain and Northern Ireland,Britain,Great Britain,United Kingdom,U.K. or UK,Albion,Britannia,Anglia,Alba,Scotia,Caledonia,Cymru,Cambria,Northern Ulster",United Kingdom.png,3158938,3131378.0,242495.0,759.34350811
ESP,Spain,"Spain,Kingdom of Spain,Espaa,Reino de Espaa,Espanya,Hispania,Espainia,Spanish State,La piel de toro La pell de brau,the of the,Las Batuecas the of de,Iberia the,Sepharad",Spain.png,1492432,1427381.0,505992.0,722.2433669520001
TUR,Turkey,"Turkey,Republic of Trkiye,Trkiye Cumhuriyeti,Asia Minor,Anatolia,Ottoman Empire,Turkish Empire",Turkey.png,1029303,819034.0,783562.0,641.7639191080001
ITA,Italy,"Italy,Italian Republic,Repubblica Italiana Italian,Italia,Kingdom of Italy,the Beautiful Country,the Boot,Ausonia,Esperia,Enotria,Tirrenia",Italy.png,2169745,2107703.0,301339.0,635.133114317
KAZ,Kazakhstan,"Kazakhstan,Republic of Kazakhstan,Kazakhstan,Republic of Kazakhstan,Kazakh,Kazakh,Qazaqstan,Alash  Ala,Kazakh Soviet Socialist Republic Soviet,Keestik Socalstik Respwblkas Soviet,Kazakhskaya Sovetskaya Sotsialisticheskaya Respublika Soviet",Kazakhstan.png,245695,193018.0,2724900.0,525.9547482
ZAF,South Africa,"South Africa,Republic of South Africa,Azania,Mzansi,Suid-Afrika,Zuid-Afrika,Union of South Africa",South Africa.png,399015,419016.0,1221037.0,511.634039592
EGY,Egypt,"Egypt,Arab Republic of Egypt,Mir,Mer,Aegyptus,Kmi",Egypt.png,378110,425906.0,1002450.0,426.9494697
NGA,Nigeria,"Nigeria,Federal Republic of Nigeria,Orl-d Olmniira pap Njr,Jamhuriyar Taraiyar Najeriya,hjk hnz Najry",Nigeria.png,506601,430923.0,923768.0,398.072877864
DZA,Algeria,"Algeria,People's Democratic Republic of Algeria,al-Jazir,al-Jumhriyya al-Jaziriyya ad-Dmuqriyya aabiyya,Rpublique algrienne dmocratique et populaire",Algeria.png,206007,163473.0,2381741.0,389.350346493
COL,Colombia,"Colombia,Republic of Colombia,Repblica de Colombia,Estados Unidos de Colombia,Confederacin Granadina,Repblica de la Nueva Granada",Colombia.png,334689,314464.0,1141748.0,359.038643072
PAK,Pakistan,"Pakistan,Islamic Republic of Pakistan,Federation of Pakistan,Dominion of Pakistan,West Pakistan and the Pakistan,the the of,Sindhustan and Indoscythia,Mumlikat-e Khudadaad Pakistan of",Pakistan.png,341500,342501.0,881913.0,302.056084413
PER,Peru,"Peru,Republic of Peru,Repblica del Per,Per,Peruvian Republic,Repblica Peruana",Peru.png,268235,223252.0,1285216.0,286.927042432
SWE,Sweden,"Sweden,Kingdom of Sweden,Sverige,Konungariket Sverige,Svea Rike,Thule,Svitjod",Sweden.png,599052,635664.0,447425.0,284.4119652
THA,Thailand,"Thailand,Kingdom of Thailand,Siam",Thailand.png,574231,505982.0,513120.0,259.62948384000003
CHL,Chile,"Chile,Republic of Chile,Chilli,Chili,Reyno de Chile,Capitania general de Chile",Chile.png,358557,317059.0,756102.0,239.728944018
POL,Poland,"Poland,Republic of Poland,Rzeczpospolita Polska,Polska,RP,People's Republic of Poland Communist,Polska Rzeczpospolita Ludowa Communist,Rzeczpospolita,PolishLithuanian Commonwealth,Rzeczpospolita Obojga Narodw,United Commonwealth of the Two Nations,Polonia,and,Lechia and,and",Poland.png,748887,679442.0,312696.0,212.458795632
NOR,Norway,"Norway,Kingdom of Norway,Norge,Noreg,Kongeriket Norge,Kongeriket Noreg",Norway.png,554105,482175.0,385207.0,185.737185225
KOR,South Korea,"South Korea,Republic of Korea,R.O.K.,ROK,Dae-han-min-guk,Han-guk,Korea,Korea Republic",South Korea.png,1721909,1810966.0,100210.0,181.47690286
COD,Democratic Republic of Congo,"Democratic Republic of Congo,Democratic Republic of the Congo,Zaire,Republic of the,DRC,Congo Kinshasa,Belgian Congo Belgian,Congo belge,Congo Free State,Republic of the Congo",Democratic Republic of Congo.png,69474,52850.0,2344858.0,123.9257453
MYS,Malaysia,"Malaysia,Malaysia,Persekutuan Malaysia,Federation of Malaysia,Malaya,Sabah and Sarawak,names of the,Tanah Melayu or Land,Mlixy,Malciya",Malaysia.png,447026,372702.0,330803.0,123.290939706
VNM,Vietnam,"Vietnam,Socialist Republic of Vietnam,An Nam,Champa,i Vit,Giao Ch Chinese or,French Indochina French and Cambodia,Lnh Nam,North Vietnam Republic of and South Vietnam (Republic of,Cng ha X hi Ch ngha Vit Nam,Vit Nam,SRV,S.R.V.,VN,V.N.",Vietnam.png,449094,366138.0,331212.0,121.269299256
UKR,Ukraine,"Ukraine,Ukraine,UA,UKR.,Kievan Rus East the the,Kingdom of GaliciaVolhynia or Kingdom of Ruthenia of,Zaporizhian Host the on the of Ukraine and and",Ukraine.png,148712,200086.0,603550.0,120.7619053
PHL,Philippines,"Philippines,Republic of the Philippines,Republika ng Pilipinas,Pilipinas,Spanish,Filipinas Spanish and,of,Las Islas Filipinas of Spain,a of the,Las Islas Felipenas,de,Pins,PH,RP,Philippine Islands P.I.,Filipina,Harng Bayang Katagalugan,Islas de San Lzaro of Saint",Philippines.png,440901,394086.0,300000.0,118.2258
ETH,Ethiopia,"Ethiopia,Federal Democratic Republic of Ethiopia,Abyssinia,Etiopia,Habeistan,Ethiopi,Al-Habasha",Ethiopia.png,156083,99269.0,1104300.0,109.6227567
VEN,Venezuela,"Venezuela,Bolivarian Republic of Venezuela,Repblica Bolivariana de Venezuela,Estado de Venezuela,Repblica de Venezuela,Estados Unidos de Venezuela,and Repblica de Venezuela",Venezuela.png,96628,111813.0,916445.0,102.470464785
FIN,Finland,"Finland,Republic of Finland,Suomi,Suomen tasavalta,Republiken Finland,Suomenmaa,Suopma and Suoma dssevldi,Lddjnnam and Lddjnnam tssvldd,Suom and Suom tsivldi,and,Grand Duchy of,Soome",Finland.png,301670,297302.0,338425.0,100.61442935
IRQ,Iraq,"Iraq,Republic of Iraq,Mesopotamia,Assyria,Babylon",Iraq.png,267893,204004.0,438317.0,89.418421268
AGO,Angola,"Angola,Republic of Angola,Repblica de Angola",Angola.png,117877,70533.0,1246700.0,87.93349110000001
LBY,Libya,"Libya,State of Libya,Dawlat Lbiy,United Libyan Kingdom,Kingdom of Libya,Libyan Arab Republic,Socialist People's Libyan Arab Jamahiriya,Great Socialist People's Libyan Arab Jamahiriya",Libya.png,46297,39006.0,1759540.0,68.63261724
NZL,New Zealand,"New Zealand,New Zealand,Aotearoa,Realm of New Zealand Islands,and,Dominion of New Zealand",New Zealand.png,251969,250451.0,270467.0,67.738730617
ROU,Romania,"Romania,Romania,Romnia,Rumania or Roumania,Kingdom of Romania,Regatul Romniei,Romanian People's Republic Communist,Republica Popular Romn Communist,Socialist Republic of Romania Communist,Republica Socialist Romnia Communist",Romania.png,348902,284086.0,238397.0,67.72525014200001
SDN,Sudan,"Sudan,Republic of the Sudan,The Sudan,Anglo-Egyptian Sudan,Mahdist State,Nubia",Sudan.png,46705,35867.0,1861484.0,66.765846628
TZA,Tanzania,"Tanzania,United Republic of Tanzania,United Republic of Tanganyika and Zanzibar,Deutsch-Ostafrika,Ruanda and German East Africa,The Tanganyika,and the Zanzibar",Tanzania.png,85421,70297.0,945087.0,66.43678083900001
KEN,Kenya,"Kenya,Republic of Kenya,Jamhuri ya Kenya,British East Africa Protectorate a the,Kenya Colony British,the",Kenya.png,118130,110347.0,580367.0,64.04175734900001
MAR,Morocco,"Morocco,Kingdom of Morocco,Al Mamlaka Al Maghribiya,The Far west kingdom,Maghreb Country",Morocco.png,138781,142867.0,446550.0,63.797258850000006
BGD,Bangladesh,"Bangladesh,People's Republic of Bangladesh,Bangladesh,the of,Gnprjatntri Bangladesh,the of,Bngg,of,Bengal,Bengal Presidency,Bngg,East Bengal,Pakistan,East Pakistan",Bangladesh.png,420516,414907.0,148460.0,61.597093220000005
BOL,Bolivia,"Bolivia,Plurinational State of Bolivia,Estado Plurinacional de Bolivia,Republic of Bolvar,Republic of Bolivia",Bolivia.png,46097,40408.0,1098581.0,44.391461048
NLD,Netherlands,"Netherlands,Kingdom of the Netherlands,Koninkrijk der Nederlanden,Nederland,Holland,Dutch and,Batavia and,Dutch and,Pays-Bas,names the of the",Netherlands.png,1080880,1012847.0,41850.0,42.38764695
AUT,Austria,"Austria,Republic of Austria,Republik sterreich,sterreich,Federal Republic of Austria",Austria.png,515199,480368.0,83871.0,40.288944528
MMR,Myanmar,"Myanmar,Republic of the Union of Myanmar,Burma,(Pyidaunzu Thanmda Myma Nainngandaw)",Myanmar.png,63988,58582.0,676578.0,39.635292396
IRL,Ireland,"Ireland,Ireland,ire Irish,Irish Free State,Poblacht na hireann Irish,Republic of Ireland,Saorstt ireann,Erin,Banba,Fodla,Hibernia",Ireland.png,594095,504183.0,70273.0,35.430451959
ARE,United Arab Emirates,"United Arab Emirates,United Arab Emirates,Trucial States,Al Emirat al Arabbiya al Muttahida,UAE,U.A.E.,Trucial Arabia,The Emirates",United Arab Emirates.png,498978,405468.0,83600.0,33.8971248
CHE,Switzerland,"Switzerland,Confederation,Schweiz,German,Schweizerische Eidgenossenschaft,Suisse,Confdration suisse,Svizzera,Confederazione Svizzera,Svizra,Confederaziun Svizra,Confoederatio Helvetica,Helvetia,CH",Switzerland.png,869601,812867.0,41277.0,33.552711159000005
UZB,Uzbekistan,"Uzbekistan,Republic of Uzbekistan,Ozbekiston,Ozbekiston Respublikasi",Uzbekistan.png,92332,69239.0,447400.0,30.977528600000003
ECU,Ecuador,"Ecuador,Republic of Ecuador,Repblica del Ecuador,Ikwadur Ripuwlika,Ekuatur Nunka",Ecuador.png,121291,106166.0,276841.0,29.391101606000003
TWN,Taiwan,"Taiwan,Republic of,Taiwan,ROC,Chinese,Separate Customs Territory of Taiwan,Kinmen and,Taipei,China China Taiwan of,Taiwan,Province of China,Governing authorities on Taiwan the Taiwan,Nationalist China,Free China,Formosa,or",Taiwan.png,790728,790728.0,36193.0,28.618818504
GRC,Greece,"Greece,Hellenic Republic,Hellas and,Yunanistan,of,Kingdom of the Hellenes and,Yavan",Greece.png,239300,214874.0,131957.0,28.354128418
OMN,Oman,"Oman,Sultanate of Oman",Oman.png,104902,88192.0,309500.0,27.295424
TKM,Turkmenistan,"Turkmenistan,Turkmenistan,Trkmenistan,Turkmenia",Turkmenistan.png,82649,53954.0,488100.0,26.3349474
MLI,Mali,"Mali,Republic of Mali,Rpublique du Mali,Mali",Mali.png,20776,19157.0,1240192.0,23.758358144
MNG,Mongolia,"Mongolia,Mongolia,Mongol Uls",Mongolia.png,16908,15098.0,1564110.0,23.61493278
PRT,Portugal,"Portugal,Portuguese Republic,Lusitania,Galaico-Portuguese and Portucale the and and Galician-Portuguese the Ophiussa Ophiusa of the Portuguese Land of Portugalensis patrie,Portugalensium patrie and Portugaliae,Regno Portugalensium and Portugalis,Portugalliae et Algarbiae,Portugalliae,Lusitaniae Purtugall Burtughl the and and Portingall or Portingal and Ocidental Praia Lusitana and Ptria Lusitana the and and of the and Luxitania and Portugraal of and",Portugal.png,267721,253663.0,92226.0,23.394323838
CIV,Côte d'Ivoire,"Côte d'Ivoire,Republic of Cte d'Ivoire,Ivory Coast,the Ivory Coast,Rpublique de Cte d'Ivoire",Côte d'Ivoire.png,77047,69765.0,322463.0,22.496631195000003
CZE,Czech Republic,"Czech Republic,Czech Republic,Czechia,esk republika,Czech,esko,Czech,R,CR,Bohemia,Czechland,the Czechlands,esk zem or esk socialistick republika the Socialist,SR,CSR,(Protektort) echy a Morava the of) Bohemia and,Zem Koruny esk the of the,Koruna esk the,esk konfederace the",Czech Republic.png,330483,281778.0,78871.0,22.224112638
CMR,Cameroon,"Cameroon,Republic of Cameroon,United Republic of Cameroon,Kamerun",Cameroon.png,48625,45368.0,475442.0,21.569852656
TCD,Chad,"Chad,Republic of Chad,Rpublique du Tchad,Jumhryat Tashd",Chad.png,11962,16410.0,1284000.0,21.07044
NER,Niger,"Niger,Republic of the Niger,The Niger,Rpublique du Niger",Niger.png,16617,14915.0,1267000.0,18.897305000000003
GHA,Ghana,"Ghana,Republic of Ghana,Gold Coast,United Gold Coast Convention,Ghana Tizuu,Gaana",Ghana.png,66622,79083.0,238533.0,18.863905239
BEL,Belgium,"Belgium,Kingdom of Belgium,Koninkrijk Belgi,Royaume de Belgique,Knigreich Belgien,Belgique,Belgi,Belgien",Belgium.png,624248,594104.0,30528.0,18.136806912
DNK,Denmark,"Denmark,Kingdom of Denmark,Danmark,Kongeriget Danmark,Dania",Denmark.png,405626,398303.0,43094.0,17.164469482
HUN,Hungary,"Hungary,Hungary,Republic of Hungary and,Hungarian People's Republic,and,Kingdom of Hungary and,Regnum Hungari,the language of,Hungaria,Magyarorszg Hungarian the of the,Magyar Kztrsasg of,Magyar Npkztrsasg Republic of,Magyar Tancskztrsasg of the People's,Magyar Kirlysg of,Pannonia,the,Macaristan",Hungary.png,188505,181848.0,93028.0,16.916955744000003
PRY,Paraguay,"Paraguay,Republic of Paraguay,Repblica del Paraguay,Tet Paragui",Paraguay.png,42820,40458.0,406752.0,16.456372416
ZMB,Zambia,"Zambia,Republic of Zambia,Northern Rhodesia",Zambia.png,29272,21313.0,752612.0,16.040419556
BLR,Belarus,"Belarus,Republic of Belarus,Respublika Bielaru,Byelorussia,White Russia",Belarus.png,73543,68206.0,207600.0,14.1595656
CUB,Cuba,"Cuba,Republic of Cuba,Repblica de Cuba",Cuba.png,—,126694.0,109884.0,13.921643496000002
MOZ,Mozambique,"Mozambique,Republic of Mozambique,Moambique or Repblica de Moambique,Mozambiki,Msumbiji,Muzambhiki",Mozambique.png,19909,15777.0,801590.0,12.646685430000002
PNG,Papua New Guinea,"Papua New Guinea,Independent State of Papua New Guinea,Independen Stet bilong Papua Niugini,Independen Stet bilong Papua Niu Gini,Papua Niugini,Papua Niu Gini",Papua New Guinea.png,31362,26595.0,462840.0,12.3092298
URY,Uruguay,"Uruguay,Oriental Republic of Uruguay,Repblica Oriental del Uruguay,Repblica Oriental do Uruguai",Uruguay.png,77313,59318.0,176215.0,10.45272137
UGA,Uganda,"Uganda,Republic of Uganda,Jamhuri ya Uganda",Uganda.png,49792,42661.0,241550.0,10.30476455
MRT,Mauritania,"Mauritania,Islamic Republic of Mauritania,Rpublique Islamique de Mauritanie",Mauritania.png,10966,9996.0,1030700.0,10.3028772
BWA,Botswana,"Botswana,Republic of Botswana,Bechuanaland",Botswana.png,19572,17615.0,581730.0,10.24717395
NAM,Namibia,"Namibia,Republic of Namibia,German South-West Africa,Deutsch-Sdwestafrika",Namibia.png,13486,12236.0,825615.0,10.10222514
ISR,Israel,"Israel,State of Israel,Zion Jewish,the Jewish State,the Holy Land Eretz Yisrael,the entity,Jeshurun",Israel.png,539223,481591.0,20770.0,10.00264507
AFG,Afghanistan,"Afghanistan,Islamic Republic of Afghanistan,Da Afnistn Islm Jumhoryat,Jumhr-yi islm-yi Afnistn,Islamic Emirate of Afghanistan,Da Afnistn Islm Amrt,imrt-i islm-yi Afnistn",Afghanistan.png,—,14939.0,652867.0,9.753180113
ZWE,Zimbabwe,"Zimbabwe,Republic of Zimbabwe,Rhodesia or Republic of Rhodesia names,Southern Rhodesia",Zimbabwe.png,29931,24118.0,390757.0,9.424277326
GTM,Guatemala,"Guatemala,Republic of Guatemala,Repblica de Guatemala",Guatemala.png,102309,85986.0,108889.0,9.362929554
BGR,Bulgaria,"Bulgaria,Republic of Bulgaria,Republika Blgariya,People's Republic of Bulgaria,Bulgaristan",Bulgaria.png,100635,84058.0,111002.0,9.330606116
MDG,Madagascar,"Madagascar,Republic of Madagascar,Madagasikara,Repoblikan'i Madagasikara,Rpublique de Madagascar",Madagascar.png,15969,14450.0,587041.0,8.48274245
TUN,Tunisia,"Tunisia,Republic of Tunisia",Tunisia.png,49815,46687.0,163610.0,7.638460070000001
SVK,Slovakia,"Slovakia,Slovak Republic,Slovensko,Slovensk republika,SR and Slovak,Slovak Socialist Republic,Slovensk socialistick republika,SSR and Slovak,Slovak State,Slovensk tt",Slovakia.png,127533,116527.0,49037.0,5.714134499
LKA,Sri Lanka,"Sri Lanka,Democratic Socialist Republic of Sri Lanka,Ceylon,Heladiva of,(am),Ratnadeepa of,of the names of Sri",Sri Lanka.png,—,85309.0,65610.0,5.59712349
SRB,Serbia,"Serbia,Republic of Serbia,Servia,Srbija,Republika Srbija,Serbia and Montenegro,Yugoslavia,Kingdom of Serbia,Raka,Serboslavia,the of",Serbia.png,73961,63068.0,88361.0,5.572751548
SEN,Senegal,"Senegal,Republic of Senegal,Rpublique du Sngal,Rewum Senegal,Senegal",Senegal.png,31221,27625.0,196722.0,5.43444525
BFA,Burkina Faso,"Burkina Faso,Burkina Faso,Upper Volta,Haute-Volta,Bourkina-Fasso French the the Upper Volta the the",Burkina Faso.png,21076,19738.0,274222.0,5.412593836
NPL,Nepal,"Nepal,Federal Democratic Republic Of Nepal,Kingdom of Nepal",Nepal.png,42097,36207.0,147516.0,5.341111812
YEM,Yemen,"Yemen,Republic of Yemen,al-Jumhryah al-Yamanyah",Yemen.png,19529,9947.0,527968.0,5.251697696
GAB,Gabon,"Gabon,Gabonese Republic",Gabon.png,20330,18521.0,267668.0,4.957479028000001
SOM,Somalia,"Somalia,Federal Republic of Somalia,Jamhuuriyadda Federaalka Soomaaliya",Somalia.png,8738,7628.0,637657.0,4.864047596000001
KHM,Cambodia,"Cambodia,Kingdom of Cambodia,Royaume du Cambodge,Kampuchea the language and Khmer,Khmer Republic,Democratic Kampuchea,People's Republic of Kampuchea,State of Cambodia",Cambodia.png,30628,26669.0,181035.0,4.828022415
PAN,Panama,"Panama,Republic of Panama,Repblica de Panam",Panama.png,77257,63605.0,75417.0,4.796898285
AZE,Azerbaijan,"Azerbaijan,Republic of Azerbaijan,Azrbaycan Respublikas,Azerbaijan Soviet Socialist Republic,Azerbaijan SSR",Azerbaijan.png,70030,54622.0,86600.0,4.730265200000001
DOM,Dominican Republic,"Dominican Republic,Dominican Republic,Repblica Dominicana",Dominican Republic.png,121289,94243.0,48671.0,4.586901053
LAO,Laos,"Laos,Lao People's Democratic Republic,Sathalanalat Paxathipatai Paxaxn,Rpublique dmocratique populaire lao",Laos.png,14091,19074.0,236800.0,4.5167232
COG,Congo,"Congo,Republic of the Congo,Congo-Brazzaville,Congo Republic,Rpublique du Congo,Repubilika ya Kngo,Republki ya Kong",Congo.png,13031,12841.0,342000.0,4.391622
LTU,Lithuania,"Lithuania,Republic of Lithuania,Lietuvos Respublika,Lietuva,Lita",Lithuania.png,78346,66445.0,65300.0,4.338858500000001
JOR,Jordan,"Jordan,Hashemite Kingdom of Jordan,HKJ,on",Jordan.png,52061,45244.0,89342.0,4.042189448
GIN,Guinea,"Guinea,Republic of Guinea,Rpublique de Guine,Gine,Republik bu Gine,French Guinea,Guine franaise,Guinea-Conakry",Guinea.png,23330,16036.0,245857.0,3.942562852000001
HRV,Croatia,"Croatia,Republic of Croatia,Republika Hrvatska,Hrvatska,and,Hrvaka,Hrvatistan",Croatia.png,78881,68955.0,56594.0,3.90243927
SYR,Syria,"Syria,Syrian Arab Republic,al-Jumhryah al-Arabyah as-Sryah",Syria.png,—,19719.0,185180.0,3.65156442
CRI,Costa Rica,"Costa Rica,Republic of Costa Rica,Repblica de Costa Rica",Costa Rica.png,77777,64282.0,51100.0,3.2848102000000003
HND,Honduras,"Honduras,Republic of Honduras,Repblica de Honduras",Honduras.png,32860,28489.0,112492.0,3.2047845880000003
SSD,South Sudan,"South Sudan,Republic of South Sudan,Jamhuri ya Sudan Kusini",South Sudan.png,7012,4304.0,644329.0,2.7731920160000003
ISL,Iceland,"Iceland,Republic of Iceland,sland,Lveldi sland,Fold,Thule,Frn,safold",Iceland.png,28625,25602.0,103000.0,2.637006
LVA,Latvia,"Latvia,Republic of Latvia,Latvijas Republika,Latvija,Lettland,Letland,Letonija,Lettonie",Latvia.png,47398,39854.0,64559.0,2.572934386
KWT,Kuwait,"Kuwait,State of Kuwait,Dawlat al-Kuwait,al-Kuwait",Kuwait.png,164713,136642.0,17818.0,2.4346871560000003
QAT,Qatar,"Qatar,State of Qatar,Dawlat Qaar",Qatar.png,219570,179571.0,11586.0,2.080509606
BEN,Benin,"Benin,Republic of Benin,Dahomey,Rpublique du Bnin",Benin.png,19236,17688.0,114763.0,2.029927944
PRK,North Korea,"North Korea,Democratic People's Republic of Korea,D.P.R.K.,DPRK,Choson Minjujuui Inmin Konghwaguk,Cho-son,DPR Korea,Korea",North Korea.png,—,16750.0,120540.0,2.019045
NIC,Nicaragua,"Nicaragua,Republic of Nicaragua,Repblica de Nicaragua",Nicaragua.png,17287,14013.0,130373.0,1.826916849
KGZ,Kyrgyzstan,"Kyrgyzstan,Kyrgyz Republic,Kyrgyz,Kyrgyz,Kyrgyz Respublikasy,Russian,Russian,Kyrgyzskaya Respublika,Kirghiz Soviet Socialist Republic Soviet,Sovettik Sotsialisttik Respublikasy Soviet,Sovetskaya Sotsialisticheskaya Respublika Soviet,Kirghizia,Kirgizstan of the,Republic of Kyrgyzstan",Kyrgyzstan.png,12309,8741.0,199951.0,1.747771691
GUY,Guyana,"Guyana,Cooperative Republic of Guyana,British Guiana",Guyana.png,16309,8044.0,214969.0,1.729210636
EST,Estonia,"Estonia,Republic of Estonia,Esthonia,Eesti,Eesti Vabariik,Viru,Viro,Estland,German,Maarjamaa,Igaunija",Estonia.png,41551,37191.0,45227.0,1.682037357
CAF,Central African Republic,"Central African Republic,Central African Republic,Oubangui-Chari,Ubangi-Shari,Rpublique Centrafricaine,Empire Centrafricain,Central African Empire",Central African Republic.png,2736,2518.0,622984.0,1.568673712
MWI,Malawi,"Malawi,Republic of Malawi,Nyasaland",Malawi.png,11277,12199.0,118484.0,1.445386316
GEO,Georgia,"Georgia,Georgia,Sakartvelo,Iberia,East,Colchis,West,Iveria,Republic of Georgia,the,Sakartvelos Respublika,Grcistan",Georgia.png,27947,18696.0,69700.0,1.3031112
SVN,Slovenia,"Slovenia,Republic of Slovenia,Slovenija,Republika Slovenija,RS and",Slovenia.png,68108,61749.0,20273.0,1.251837477
TJK,Tajikistan,"Tajikistan,Republic of Tajikistan,Jumhurii Tojikiston,Tadzhikistan",Tajikistan.png,12796,8746.0,143100.0,1.2515526
BIH,Bosnia and Herzegovina,"Bosnia and Herzegovina,Bosnia and Herzegovina,Republic of Bosnia and Herzegovina,Socialist Republic of Bosnia and Herzegovina,Bosnia",Bosnia and Herzegovina.png,28488,23365.0,51209.0,1.196498285
SLV,El Salvador,"El Salvador,Republic of El Salvador,Repblica de El Salvador",El Salvador.png,33752,28737.0,21041.0,0.604655217
HTI,Haiti,"Haiti,Republic of Haiti,Rpublique d'Hati,Repiblik d Ayiti,Hati,Ayiti,Hayti",Haiti.png,26580,19044.0,27750.0,0.528471
SUR,Suriname,"Suriname,Republic of Suriname,Dutch Guiana,Netherlands Guiana,Republiek Suriname,Surinam",Suriname.png,3470,3224.0,163820.0,0.52815568
ALB,Albania,"Albania,Republic of Albania,Republika e Shqipris,Arnavutluk,Arbanon,People's Socialist Republic of Albania,Republika Popullore Socialiste e Shqipris,Albanian Kingdom,Mbretnija Shqiptare",Albania.png,20177,18260.0,28748.0,0.52493848
TGO,Togo,"Togo,Togolese Republic,Rpublique togolaise",Togo.png,9001,8160.0,56785.0,0.4633656
MDA,Moldova,"Moldova,Republic of Moldova,Republica Moldova,and,Moldavian Soviet Socialist Republic Soviet,Soviet,Bessarabia,Bassarabia,Bodan of,former and Ottoman Empire,Moldavia,Moldau",Moldova.png,15829,13680.0,33846.0,0.46301328
ARM,Armenia,"Armenia,Republic of Armenia,Hayastan,Hayastani Hanrapetutyun",Armenia.png,23725,13861.0,29743.0,0.412267723
LBN,Lebanon,"Lebanon,The Lebanese Republic,Al-Jumhuriyya Al-Lubnaniyya,Lebnan,Lubnan,Liban,Levanon",Lebanon.png,—,37945.0,10452.0,0.39660114
MKD,North Macedonia,"North Macedonia,Republic of North Macedonia,(Republic of) Macedonia,(),The former Yugoslav Republic of Macedonia,FYROM,Paeonia,Vardar Banovina Yugoslav",North Macedonia.png,15278,13881.0,25713.0,0.356922153
GNQ,Equatorial Guinea,"Equatorial Guinea,Republic of Equatorial Guinea,Repblica de Guinea Ecuatorial,Rpublique de Guine quatoriale,Repblica da Guin Equatorial,Guinea Ecuatorial,Guine quatoriale,Guin Equatorial",Equatorial Guinea.png,15099,12431.0,28051.0,0.348701981
SLE,Sierra Leone,"Sierra Leone,Republic of Sierra Leone,Salone",Sierra Leone.png,3520,4249.0,71740.0,0.30482326
RWA,Rwanda,"Rwanda,Republic of Rwanda,Rpublique du Rwanda,Repubulika y'u Rwanda,""Pays des mille collines"",Ruanda",Rwanda.png,13149,11070.0,26338.0,0.29156166
SGP,Singapore,"Singapore,Republic of Singapore,Singapura,Sinhapura,Land of,Pulau Ujong,little red dot",Singapore.png,515548,396992.0,728.0,0.289010176
ERI,Eritrea,"Eritrea,State of Eritrea,Italian Eritrea",Eritrea.png,2666,2255.0,125000.0,0.281875
LBR,Liberia,"Liberia,Republic of Liberia",Liberia.png,4375,2445.0,111369.0,0.272297205
CYP,Cyprus,"Cyprus,Republic of Cyprus,Kypriaki Dimokratia,Kbrs Cumhuriyeti,Kypros,Kbrs,Island of Venus",Cyprus.png,30864,28408.0,9251.0,0.262802408
LUX,Luxembourg,"Luxembourg,Grand Duchy of Luxembourg,Groussherzogdem Ltzebuerg,Ltzebuerg,Grand-Duch de Luxembourg,Luxembourg,Groherzogtum Luxemburg,Luxemburg,Luxemburgo,Spanish,Lussemburgo",Luxembourg.png,86971,85506.0,2586.0,0.221118516
JAM,Jamaica,"Jamaica,Jamaica,Xamayca of",Jamaica.png,17254,14658.0,10991.0,0.161106078
BHS,The Bahamas,"The Bahamas,Commonwealth of The Bahamas,Commonwealth of the Bahama Islands,Bahama Islands",The Bahamas.png,14114,11209.0,13943.0,0.156287087
TTO,Trinidad and Tobago,"Trinidad and Tobago,Republic of Trinidad and Tobago,Trinbago,Iere,of the",Trinidad and Tobago.png,28223,24460.0,5130.0,0.1254798
PSE,Palestine,"Palestine,State of Palestine,the Holy Land,Eretz Yisrael,Palestinian National Authority,West and Strip,Palestinian territories,Occupied Palestinian Territory Occupied Palestinian Territories,Israeli-occupied territories of the territories Israel,Mandatory Palestine",Palestine.png,19206,18037.0,6220.0,0.11219014
BDI,Burundi,"Burundi,Republic of Burundi,Republika y'Uburundi,Rpublique du Burundi,Kingdom of Burundi",Burundi.png,3234,3900.0,27834.0,0.1085526
,Kosovo,"Kosovo,Republic of Kosovo,Republika e Kosovs,Republika Kosovo,Kossovo",Kosovo.png,9990,9412.0,10887.0,0.102468444
BTN,Bhutan,"Bhutan,Kingdom of Bhutan,Druk Gyal Khap",Bhutan.png,2683,2381.0,38394.0,0.091416114
DJI,Djibouti,"Djibouti,Republic of Djibouti,French Territory of the Afars and the Issas,French Somaliland,Obock Territory names,Territoire franais des Afars et des Issas,Cte franaise des Somalis,Territoire d'Obock names,Rpublique de Djibouti",Djibouti.png,3916,3701.0,23200.0,0.0858632
SWZ,Eswatini,"Eswatini,Kingdom of Eswatini,Swaziland,eSwatini",Eswatini.png,4824,4732.0,17364.0,0.082166448
BRN,Brunei,"Brunei,Nation of Brunei,the Abode of Peace,State of Brunei,Negara Brunei Darussalam,Brunei Darussalam",Brunei.png,15988,14006.0,5765.0,0.08074459
MNE,Montenegro,"Montenegro,Montenegro,Crna Gora,and,Republic of Montenegro,Republika Crna Gora,Mali i Zi,Karadag,Duklja,Zeta,Black Mountain",Montenegro.png,7027,5809.0,13812.0,0.080233908
FJI,Fiji,"Fiji,Republic of Fiji,Matanitu Tugalala o Viti",Fiji.png,5385,4296.0,18272.0,0.078496512
LSO,Lesotho,"Lesotho,Kingdom of Lesotho,Basutoland",Lesotho.png,2584,2373.0,30355.0,0.072032415
BLZ,Belize,"Belize,Belize,British Honduras",Belize.png,3162,2492.0,22966.0,0.057231272
GNB,Guinea-Bissau,"Guinea-Bissau,Republic of Guinea-Bissau,Portuguese Guinea,Guin-Bissao,Guinea,Guinea-Bissau the Republic of",Guinea-Bissau.png,1887,1563.0,36125.0,0.056463375
SLB,Solomon Islands,"Solomon Islands,Solomon Islands,British Solomon Islands Protectorate,The Solomons",Solomon Islands.png,1701,1632.0,28896.0,0.047158272
BHR,Bahrain,"Bahrain,Kingdom of Bahrain,Mamlakat al-Barayn,State of Bahrain",Bahrain.png,44870,38869.0,786.0,0.030551034
TLS,East Timor,"East Timor,Democratic Republic of Timor-Leste,Timor-Leste,Portuguese Timor",East Timor.png,1988,2004.0,14919.0,0.029897676
MUS,Mauritius,"Mauritius,Republic of Mauritius,Rpublique de Maurice,Repiblik Moris",Mauritius.png,14570,11525.0,2040.0,0.023511
GMB,The Gambia,"The Gambia,Republic of The Gambia",The Gambia.png,2277,2038.0,11295.0,0.02301921
VUT,Vanuatu,"Vanuatu,Republic of Vanuatu,New Hebrides British and French,Niuhebridis,Nouvelles Hebrides,Rpublique de Vanuatu,Ripablik blong Vanuatu,Vanuatri",Vanuatu.png,1064,981.0,12189.0,0.011957409
CPV,Cape Verde,"Cape Verde,Republic of Cabo Verde,Repblica de Cabo Verde,Repblika di Kabu Verdi,Cabo Verde,Portuguese and the of Cabo Verde",Cape Verde.png,2468,1936.0,4033.0,0.007807888
MLT,Malta,"Malta,Republic of Malta,Repubblica ta' Malta,Melita",Malta.png,19405,17721.0,316.0,0.005599836
COM,Comoros,"Comoros,Union of the Comoros,Union des Comores,Udzima wa Komori,al-Ittid al-Qumur,United Republic of the Commoros",Comoros.png,1348,1340.0,1862.0,0.00249508
WSM,Samoa,"Samoa,Independent State of Samoa,Malo Saoloto Tutoatasi o Smoa",Samoa.png,898,857.0,2842.0,0.002435594
BRB,Barbados,"Barbados,Barbados",Barbados.png,6117,4844.0,431.0,0.002087764
MDV,Maldives,"Maldives,Republic of Maldives,Dhivehi Raajjeyge Jumhooriyyaa,The Maldive Islands,Mahal Dvipa or Malldvipa,ad-dawlat al-mahal dbyt",Maldives.png,7004,5406.0,300.0,0.0016218
AND,Andorra,"Andorra,Principality of Andorra,Principat d'Andorra,Principality of the Valleys of Andorra",Andorra.png,3669,3325.0,468.0,0.0015561
LCA,Saint Lucia,"Saint Lucia,Saint Lucia,Sainte-Lucie",Saint Lucia.png,2262,1765.0,616.0,0.00108724
LIE,Liechtenstein,"Liechtenstein,Principality of Liechtenstein,Frstentum Liechtenstein",Liechtenstein.png,—,6608.0,160.0,0.00105728
ATG,Antigua and Barbuda,"Antigua and Barbuda,Antigua and Barbuda,Wadadli the of Antigua and",Antigua and Barbuda.png,1864,1421.0,442.0,0.000628082
SYC,Seychelles,"Seychelles,Republic of Seychelles,Rpublique des Seychelles,Repiblik Sesel",Seychelles.png,1950,1287.0,452.0,0.000581724
STP,São Tomé and Príncipe,"São Tomé and Príncipe,Democratic Republic of So Tom and Prncipe,Repblica Democrtica de So Tom e Prncipe,Saint Thomas and Prince",São Tomé and Príncipe.png,625,555.0,964.0,0.00053502
DMA,Dominica,"Dominica,Commonwealth of Dominica,Dominique,Dominik,Dominican,Waitu kubuli",Dominica.png,681,548.0,751.0,0.000411548
GRD,Grenada,"Grenada,Grenada,Gwenad",Grenada.png,1274,1115.0,344.0,0.00038356
TON,Tonga,"Tonga,Kingdom of Tonga,Puleanga Fakatui o Tonga",Tonga.png,541,472.0,747.0,0.000352584
VCT,Saint Vincent and the Grenadines,"Saint Vincent and the Grenadines,Saint Vincent and the Grenadines,Saint Vincent,Hairouna",Saint Vincent and the Grenadines.png,1039,881.0,389.0,0.000342709
FSM,Micronesia,"Micronesia,Federated States of Micronesia,FSM",Micronesia.png,456,404.0,702.0,0.000283608
KNA,Saint Kitts and Nevis,"Saint Kitts and Nevis,Federation of Saint Christopher and Nevis,Federation of Saint Kitts and Nevis,Saint Christopher and Nevis,Saint Christopher-Nevis-Anguilla,Saint Kitts-Nevis-Anguilla,Saint Kitts or Saint Christopher,Liamuiga and Oualie names of the of Saint Kitts and Nevis",Saint Kitts and Nevis.png,1052,861.0,261.0,0.000224721
KIR,Kiribati,"Kiribati,Republic of Kiribati,Ribaberiki ni Kiribati,Gilbert Islands,Kingsmill Group",Kiribati.png,248,227.0,811.0,0.000184097
SMR,San Marino,"San Marino,Republic of San Marino,Repubblica di San Marino,Ripbblica d' San Marein,Most Serene Republic of San Marino,Serenissima Repubblica di San Marino",San Marino.png,1807,1702.0,61.0,0.000103822
PLW,Palau,"Palau,Republic of Palau,Belau",Palau.png,262,218.0,459.0,0.000100062
MHL,Marshall Islands,"Marshall Islands,Republic of the Marshall Islands,Aolepn Aorkin aje",Marshall Islands.png,291,257.0,181.0,4.6517e-05
MCO,Monaco,"Monaco,Principality of Monaco,Principaut de Monaco,Principatu de Mnegu,Principato di Monaco,Principat de Mnegue",Monaco.png,—,8596.0,2.0,1.7192e-05
NRU,Nauru,"Nauru,Republic of Nauru,Repubrikin Naoero,Pleasant Island",Nauru.png,151,155.0,21.0,3.255e-06
TUV,Tuvalu,"Tuvalu,Tuvalu,Ellice Islands",Tuvalu.png,65,60.0,26.0,1.56e-06
VAT,Vatican City,"Vatican City,Vatican City State,Status Civitatis Vaticanae,Stato della Citt del Vaticano,Holy See",Vatican City.png,,,,
